<?xml version="1.0" encoding="UTF-8"?>
<beans xmlns="http://www.springframework.org/schema/beans"  
    xmlns:xsi="http://www.w3.org/2001/XMLSchema-instance" 
    xmlns:context="http://www.springframework.org/schema/context"  
    xmlns:tx="http://www.springframework.org/schema/tx" 
    xmlns:mvc="http://www.springframework.org/schema/mvc" 
    xsi:schemaLocation="http://www.springframework.org/schema/mvc     
    http://www.springframework.org/schema/mvc/spring-mvc-3.0.xsd  
http://www.springframework.org/schema/beans  
http://www.springframework.org/schema/beans/spring-beans-3.0.xsd  
http://www.springframework.org/schema/context  
http://www.springframework.org/schema/context/spring-context-3.0.xsd  
http://www.springframework.org/schema/tx  
http://www.springframework.org/schema/tx/spring-tx-3.0.xsd">   



													<!-- MVC Config -->


<!-- Add Component Scan Support -->
	 <context:component-scan base-package="com.nucleus.brd3"/>


<!-- Conversion, Validation and Formatting Support -->
 <mvc:annotation-driven/>
    
    
<!-- Add View Resolver Support -->    
 <bean class="org.springframework.web.servlet.view.InternalResourceViewResolver">
 <property name="prefix" value="/WEB-INF/view/"/>
 <property name="suffix" value=".jsp"/>
 </bean>
 
 
 




 <mvc:resources mapping="/resources/**" location="/resources/"  
	cache-period="31556926"/>




 <bean id="messageSource" class="org.springframework.context.support.ReloadableResourceBundleMessageSource">
	 <property name="basenames">
 		<list>
 			<value>/WEB-INF/errormessages/msg1</value>
 			<value>/WEB-INF/errormessages/formlabels</value>
 		</list>
 	</property>
 </bean>
 
 
 
 
 
   <bean class="org.springframework.beans.factory.config.PropertyPlaceholderConfigurer">
		<property name="locations" value="/WEB-INF/connection.properties"/>    
    </bean>
 
 
 <bean id="jdbctemplate" class="org.springframework.jdbc.core.JdbcTemplate">
 	<property name="dataSource" ref ="ds"></property>
 </bean>
 
 
 
 <!-- <bean id="ds" class="org.springframework.jdbc.datasource.DriverManagerDataSource"> -->
 	<bean id="ds" class="org.apache.commons.dbcp.BasicDataSource">
		<property name="username" value="${user}"></property>
		<property name="password" value="${pass}"></property>
		<property name="url" value="${url}"></property>
		<property name="driverClassName" value="${driver}"></property>
		<property name="initialSize" value="${initialPoolSize}"/>
		<property name="maxIdle" value="${minPoolSize}"/> 
		<property name="minIdle" value="${maxPoolSize}"/>  
		<property name="maxWait" value="${maxIdleTime}"/> 
 
 	</bean>
 

 
 
 
 <!-- Hibernate -->    
	<bean id="sessionFactory"  class="org.springframework.orm.hibernate4.LocalSessionFactoryBean">
	        <property name="dataSource" ref="ds" />
	        <property name="annotatedClasses">
	            <list>
	                <value>com.nucleus.brd3.model.persistence.entity.Customer</value>   
	                <value>com.nucleus.brd3.model.persistence.entity.User</value>   
	                <value>com.nucleus.brd3.model.persistence.entity.Role</value>   
	            </list>
	        </property>
	        <property name="hibernateProperties">
	            <props>
	                <prop key="hibernate.dialect">org.hibernate.dialect.Oracle10gDialect</prop>              
	                <prop key="hibernate.show_sql">true</prop>        
	                  <prop key="hibernate.hbm2ddl.auto">update</prop>            
	                   
	            </props>
	        </property>
    </bean>
    
 
 
 
    
    <bean id="transactionManager" class="org.springframework.orm.hibernate4.HibernateTransactionManager">
    	<property name="sessionFactory" ref="sessionFactory"/> 
	</bean>
 
 
 
 
 	<tx:annotation-driven transaction-manager="transactionManager"/>

 
 
 
 </beans>