<?xml version="1.0" encoding="UTF-8"?>
<beans:beans xmlns="http://www.springframework.org/schema/mvc"
	xmlns:xsi="http://www.w3.org/2001/XMLSchema-instance" xmlns:beans="http://www.springframework.org/schema/beans"
	xmlns:context="http://www.springframework.org/schema/context" xmlns:p="http://www.springframework.org/schema/p"
	xmlns:tx="http://www.springframework.org/schema/tx"
	xsi:schemaLocation="http://www.springframework.org/schema/mvc http://www.springframework.org/schema/mvc/spring-mvc.xsd
		http://www.springframework.org/schema/beans http://www.springframework.org/schema/beans/spring-beans.xsd
		http://www.springframework.org/schema/context http://www.springframework.org/schema/context/spring-context.xsd
		http://www.springframework.org/schema/tx http://www.springframework.org/schema/tx/spring-tx.xsd">

	<!-- DispatcherServlet Context: defines this servlet's request-processing 
		infrastructure -->


	<!-- Enables the Spring MVC @Controller programming model -->
	<annotation-driven />


	<!-- Handles HTTP GET requests for /resources/** by efficiently serving 
		up static resources in the ${webappRoot}/resources directory -->
	<resources mapping="/resources/**" location="/resources/" />


	<!-- Resolves views selected for rendering by @Controllers to .jsp resources 
		in the /WEB-INF/views directory -->
	<beans:bean
		class="org.springframework.web.servlet.view.InternalResourceViewResolver">
		<beans:property name="prefix" value="/WEB-INF/views/" />
		<beans:property name="suffix" value=".jsp" />
	</beans:bean>
	

	<beans:bean id="propertyPlaceholderConfigurer" class="org.springframework.beans.factory.config.PropertyPlaceholderConfigurer">
		<beans:property name="location" value="/WEB-INF/database.properties"></beans:property>
	</beans:bean>



	<beans:bean id="dataSource" class="org.apache.commons.dbcp.BasicDataSource" destroy-method="close">
		<beans:property name="driverClassName" value="${jdbc.driverClassName}"></beans:property>
		<beans:property name="url" value="${jdbc.url}"></beans:property>
		<beans:property name="username" value="${jdbc.username}"></beans:property>
		<beans:property name="password" value="${jdbc.password}"></beans:property>
	</beans:bean>
	
	<beans:bean id="sessionFactory" class="org.springframework.orm.hibernate4.LocalSessionFactoryBean">
		<beans:property name="dataSource" ref="dataSource"></beans:property>
		<beans:property name="packagesToScan" value="org.java.springsecurity.domain"></beans:property>
		<beans:property name="hibernateProperties">
			<beans:props>
				<beans:prop key="hibernate.dialect">${hibernate.hibernateDialect}</beans:prop>
				<beans:prop key="hibernate.show_sql">${hibernate.showSql}</beans:prop>
				<beans:prop key="hibernate.hbm2ddl.auto">${hibernate.hbm2ddl.auto}</beans:prop>
			</beans:props>
		</beans:property>
	</beans:bean>
	

	<tx:annotation-driven/>


	
	<beans:bean id="transactionManager" class="org.springframework.orm.hibernate4.HibernateTransactionManager">
		<beans:property name="dataSource" ref="dataSource"></beans:property>
		<beans:property name="sessionFactory" ref="sessionFactory"></beans:property>
	</beans:bean>

	<interceptors>
		<beans:bean id="webContentInterceptor"
			class="org.springframework.web.servlet.mvc.WebContentInterceptor">
			<beans:property name="cacheSeconds" value="0" />
			<beans:property name="useExpiresHeader" value="true" />
			<beans:property name="useCacheControlHeader" value="true" />
			<beans:property name="useCacheControlNoStore" value="true" />

		</beans:bean>
	</interceptors>

	<context:component-scan base-package="org.java.springsecurity" />

	<beans:bean id="encoder"
		class="org.springframework.security.crypto.bcrypt.BCryptPasswordEncoder">

		<beans:constructor-arg value="12" />
	</beans:bean>

</beans:beans>
